{"colors":{"buttonBackground":{"x":0.1299999952,"y":0.1299999952,"z":0.1299999952,"w":0.8999999762},"buttonHovered":{"x":0.9499999881,"y":0.4300000072,"z":0.4900000095,"w":1},"primaryColor":{"x":0.1299999952,"y":0.1299999952,"z":0.1299999952,"w":1},"windowBackground":{"x":0.1299999952,"y":0.1299999952,"z":0.1299999952,"w":0.8999999762},"buttonActive":{"x":0.9499999881,"y":0.4300000072,"z":0.4900000095,"w":1},"textColor":{"x":1,"y":1,"z":1,"w":1},"secondaryColor":{"x":0.9499999881,"y":0.4300000072,"z":0.4900000095,"w":1}},"window":{"fadeTime":2.5,"keepActive":true,"fadeWhenCollapsed":false,"showOnMessage":true,"inactiveFade":true}}